model-path;segments-path;total-error;threshold;true-positive-by-positive;positive-rate;number-of-elements
all-190612-fusion;all-190612-fusion;;1.1852400332686173;1.0;0.006896868821555014;21983
all-190612-fusion;all-190701;1296.8857060402645;0.895;0.9799426934097422;0.2387140902872777;1798.0