total-error;threshold;true-positive-by-positive;positive-rate;number-of-elements
1296.8857060402645;0.895;0.9799426934097422;0.2387140902872777;1798.0